﻿{
    "inputFolder": "Input",
    "sendingRate": 100,
    "countRequest": "A",
    "message": "templatemessage",
    "field": "templatefield",
    "printers": [
        {
            "name": "Printer 1",
            "ip": "127.0.0.1",
            "port": 3100
        },
        {
            "name": "Printer 2",
            "ip": "127.0.0.1",
            "port": 3101
        },
        {
            "name": "Printer 3",
            "ip": "127.0.0.1",
            "port": 3102
        },
        {
            "name": "Printer 4",
            "ip": "127.0.0.1",
            "port": 3103
        }
    ]


}